id,class_name,class,longitude,latitude
1,wheat,1,85.679912,25.979076
2,wheat,1,85.753899,25.9239
3,wheat,1,85.756117,25.92603
4,wheat,1,85.668939,25.978597
5,wheat,1,85.672171,25.964029
6,wheat,1,85.672171,25.822507
7,wheat,1,85.683167,25.819692
8,wheat,1,86.257822,25.820661
9,wheat,1,86.269706,25.812243
10,wheat,1,86.297345,25.790489
11,wheat,1,86.28671,25.82345
12,wheat,1,85.755812,25.914482
13,wheat,1,86.276519,25.813289
14,wheat,1,86.271794,25.81586
15,wheat,1,85.748288,25.794951
16,wheat,1,85.722925,25.776768
17,wheat,1,85.730519,25.776613
18,wheat,1,86.252099,25.833623
19,wheat,1,86.254025,25.836427
20,wheat,1,86.275427,25.833808
21,wheat,1,86.166609,25.733335
22,wheat,1,85.754153,25.911812
23,wheat,1,85.74312,25.898216
24,wheat,1,85.865002,26.218776
25,wheat,1,86.188649,26.000991
26,wheat,1,86.143315,26.151155
27,wheat,1,86.139946,26.143087
28,wheat,1,86.240492,26.080094
29,wheat,1,86.156303,25.98654
30,wheat,1,86.171008,25.988993
31,wheat,1,86.175621,25.988864
32,wheat,1,86.185868,25.988775
33,wheat,1,86.144387,25.935212
34,wheat,1,85.946747,26.257465
35,wheat,1,86.163255,25.893921
36,wheat,1,85.898892,26.281754
37,wheat,1,85.82931,26.146667
38,wheat,1,85.82684,26.146001
39,wheat,1,87.79936,26.260112
40,wheat,1,88.029238,26.211169
41,wheat,1,88.035129,26.214528
42,wheat,1,88.000576,26.172154
43,wheat,1,88.169894,26.518928
44,wheat,1,88.173997,26.519049
45,wheat,1,88.185001,26.517411
46,wheat,1,88.113951,26.437655
47,wheat,1,88.173057,26.485267
48,wheat,1,87.799593,26.261142
49,wheat,1,87.798386,26.26548
50,wheat,1,84.571021,26.581772
51,wheat,1,84.567664,26.58246
52,wheat,1,84.565211,26.554027
53,wheat,1,84.564727,26.556756
54,wheat,1,84.560914,26.580841
55,wheat,1,84.563093,26.582802
56,wheat,1,84.57056,26.599468
57,wheat,1,84.595688,26.610253
58,wheat,1,84.618582,26.582778
59,wheat,1,85.16071,26.543637
60,wheat,1,85.159423,26.545605
61,wheat,1,85.102843,26.837666
62,wheat,1,85.101433,26.850011
63,wheat,1,86.743948,26.03116
64,wheat,1,86.742864,26.032093
65,wheat,1,86.734983,26.041394
66,wheat,1,86.711037,26.028812
67,wheat,1,86.650107,25.961197
68,wheat,1,86.64435,25.964449
69,wheat,1,86.624227,25.977049
70,wheat,1,86.753403,26.077662
71,wheat,1,86.733591,26.081967
72,wheat,1,86.733082,26.103824
73,wheat,1,86.738927,26.110992
74,wheat,1,84.531286,26.156232
75,wheat,1,86.153575,25.427378
76,wheat,1,86.153847,25.42771
77,wheat,1,86.144483,25.441887
78,wheat,1,86.235401,25.400874
79,wheat,1,86.234563,25.403034
80,wheat,1,85.243036,25.827862
81,wheat,1,85.24216,25.831263
82,wheat,1,85.216101,25.874636
83,wheat,1,85.209278,25.890721
84,wheat,1,85.202904,25.900359
85,wheat,1,85.177064,25.929884
86,wheat,1,85.177962,25.929487
87,wheat,1,85.148341,25.953853
88,wheat,1,85.173611,25.989361
89,wheat,1,85.170044,25.997185
90,wheat,1,85.14467,25.908349
91,wheat,1,85.153364,25.92006
92,wheat,1,85.144786,25.928381
93,wheat,1,85.140812,25.93175
94,wheat,1,85.125125,25.93501
95,wheat,1,85.124698,25.966958
96,wheat,1,85.126024,25.96921
97,wheat,1,85.124596,25.985495
98,wheat,1,84.611803,25.965021
99,wheat,1,84.536724,25.886993
100,wheat,1,84.535181,25.888714
101,wheat,1,84.531231,25.894614
102,wheat,1,84.530023,25.895952
103,wheat,1,84.532249,25.904019
104,wheat,1,84.526819,25.911538
105,wheat,1,84.523409,25.915515
106,wheat,1,84.614845,26.059797
107,wheat,1,84.60704,26.047528
108,wheat,1,84.601432,26.051047
109,wheat,1,84.535543,25.992984
110,wheat,1,84.527321,25.988555
111,wheat,1,84.601127,25.952451
112,wheat,1,84.599195,25.956606
113,wheat,1,84.595433,25.960407
114,wheat,1,84.582079,25.979987
115,wheat,1,84.580362,25.982688
116,wheat,1,84.559997,25.997632
117,wheat,1,84.545176,26.011252
118,wheat,1,84.543884,26.013808
119,wheat,1,84.525753,25.96207
120,wheat,1,84.522566,25.959252
121,wheat,1,84.515564,25.962998
122,wheat,1,84.511021,26.015624
123,wheat,1,84.513982,26.017503
124,wheat,1,84.52656,26.004874
125,wheat,1,84.238142,27.026024
126,wheat,1,84.179988,27.070168
127,wheat,1,84.186712,27.060525
128,wheat,1,84.641093,27.005322
129,wheat,1,84.668633,27.014243
130,wheat,1,84.601311,27.068789
131,wheat,1,84.620885,27.069601
132,wheat,1,84.624838,27.063099
133,wheat,1,84.584559,27.074226
134,wheat,1,84.450242,26.800091
135,wheat,1,84.579037,26.885394
136,wheat,1,84.515839,26.997963
137,wheat,1,84.425367,26.892033
138,wheat,1,84.526094,27.152587
139,wheat,1,85.220409,26.103081
140,wheat,1,85.221162,26.102328
141,wheat,1,85.232829,26.108286
142,wheat,1,85.234113,26.109601
143,wheat,1,85.237283,26.052594
144,wheat,1,85.222935,26.032388
145,wheat,1,85.234218,26.018095
146,wheat,1,85.241333,26.018337
147,wheat,1,85.237086,26.096536
148,wheat,1,85.232002,26.103898
149,wheat,1,85.231866,26.104895
150,wheat,1,85.232835,26.110357
151,wheat,1,85.215121,26.109746
152,wheat,1,85.176292,26.104827
153,wheat,1,85.172246,26.099943
154,wheat,1,85.058864,26.232423
155,wheat,1,85.058821,26.228676
156,wheat,1,87.512279,25.547194
157,wheat,1,87.501986,25.545277
158,wheat,1,87.584584,25.607976
159,wheat,1,87.597949,25.586065
160,wheat,1,87.601142,25.586413
161,wheat,1,87.589523,25.582163
162,wheat,1,87.937807,25.572889
163,wheat,1,87.907121,25.531426
164,wheat,1,87.909649,25.531304
165,wheat,1,87.899102,25.556542
166,wheat,1,87.743251,25.728946
167,wheat,1,87.741278,25.730261
168,wheat,1,87.719845,25.746249
169,wheat,1,87.698109,25.730533
170,wheat,1,87.613417,25.392044
171,wheat,1,87.609469,25.391628
172,wheat,1,87.594465,25.390064
173,wheat,1,87.595094,25.388493
174,wheat,1,87.584099,25.400754
175,wheat,1,86.785443,26.127823
176,wheat,1,86.786731,26.125502
177,wheat,1,86.788475,26.128012
178,wheat,1,86.788589,26.135332
179,wheat,1,86.782225,26.139484
180,wheat,1,86.771277,26.143399
181,wheat,1,86.783193,26.216386
182,wheat,1,86.782281,26.216024
183,wheat,1,86.902622,26.34052
184,wheat,1,86.900068,26.337923
185,wheat,1,86.880421,26.359758
186,wheat,1,86.884899,26.298819
187,wheat,1,86.957888,26.333554
188,wheat,1,86.97928,26.344122
189,wheat,1,86.982947,26.350325
190,wheat,1,86.975673,26.386883
191,wheat,1,86.901174,26.246178
192,wheat,1,86.880437,26.359675
193,wheat,1,87.623367,26.012368
194,wheat,1,87.62395,26.014859
195,wheat,1,87.624061,26.024115
196,wheat,1,87.624426,26.030107
197,wheat,1,87.622589,26.048271
198,wheat,1,87.656105,26.051839
199,wheat,1,87.665565,26.045645
200,wheat,1,87.794958,26.012333
201,wheat,1,87.797731,26.012144
202,wheat,1,87.622228,26.058471
203,wheat,1,87.626246,26.058719
204,wheat,1,87.623348,26.020928
205,wheat,1,87.59734,25.974964
206,wheat,1,85.511252,26.664215
207,wheat,1,85.5184,85.516284
208,wheat,1,85.518212,26.666643
209,wheat,1,85.5163,26.659768
210,wheat,1,85.576006,26.612226
211,wheat,1,85.602652,26.664403
212,wheat,1,85.631406,26.718457
213,wheat,1,85.632565,26.726724
214,wheat,1,85.634796,26.768489
215,wheat,1,84.303338,26.31801
216,wheat,1,85.319095,26.479892
217,wheat,1,85.312838,26.487316
218,wheat,1,85.266881,26.474479
219,wheat,1,85.251009,26.439173
220,wheat,1,85.262873,26.456208
221,wheat,1,85.277184,26.466624
222,wheat,1,86.644343,25.520703
223,wheat,1,86.646128,25.521857
224,wheat,1,86.64318,25.528454
225,wheat,1,86.641795,25.52851
226,wheat,1,86.639794,25.527794
227,wheat,1,86.635283,25.527615
228,wheat,1,86.672518,25.617588
229,wheat,1,86.677442,25.602992
230,wheat,1,86.684402,25.598323
231,wheat,1,86.63958,25.797146
232,wheat,1,86.638703,25.797906
233,wheat,1,86.640729,25.804265
234,wheat,1,86.632354,25.81199
235,wheat,1,86.702378,25.829869
236,wheat,1,86.709587,25.854096
1,maize,2,85.752437,25.917763
2,maize,2,85.671215,25.967436
3,maize,2,85.649487,25.971044
4,maize,2,85.678241,25.822678
5,maize,2,85.801118,25.906027
6,maize,2,85.803476,25.902685
7,maize,2,85.684782,25.822408
8,maize,2,85.683694,25.81986
9,maize,2,86.258948,25.81699
10,maize,2,86.260938,25.818432
11,maize,2,86.295078,25.815504
12,maize,2,85.754888,25.914158
13,maize,2,86.294809,25.811905
14,maize,2,86.280925,25.81253
15,maize,2,85.74918,25.793512
16,maize,2,85.730217,25.788605
17,maize,2,85.724939,25.77652
18,maize,2,85.730254,25.777009
19,maize,2,85.818804,25.772847
20,maize,2,86.253761,25.828635
21,maize,2,86.255963,25.836038
22,maize,2,86.261817,25.837581
23,maize,2,86.277957,25.83499
24,maize,2,86.270061,25.830555
25,maize,2,86.185954,25.767847
26,maize,2,86.179619,25.765099
27,maize,2,86.1597,25.753323
28,maize,2,86.190686,25.736731
29,maize,2,86.196179,25.736083
30,maize,2,85.752491,25.90405
31,maize,2,85.744649,25.899235
32,maize,2,85.705139,25.87242
33,maize,2,85.863421,26.218668
34,maize,2,86.186394,26.001907
35,maize,2,86.177068,25.98819
36,maize,2,86.139387,26.153838
37,maize,2,86.138036,26.15361
38,maize,2,86.154818,25.987949
39,maize,2,86.169392,25.989567
40,maize,2,86.177882,25.988582
41,maize,2,85.966437,26.216082
42,maize,2,86.151983,25.925262
43,maize,2,86.151571,25.924184
44,maize,2,85.968822,26.217838
45,maize,2,86.155839,25.910987
46,maize,2,86.166351,25.89375
47,maize,2,86.33594,25.963553
48,maize,2,86.33901,25.96636
49,maize,2,86.350285,25.969041
50,maize,2,86.362287,25.979365
51,maize,2,85.984891,26.199412
52,maize,2,85.988375,26.199727
53,maize,2,88.024364,26.210293
54,maize,2,88.02293,26.211648
55,maize,2,88.030729,26.213028
56,maize,2,88.080093,26.219556
57,maize,2,88.090815,26.21734
58,maize,2,88.039746,26.190529
59,maize,2,88.004147,26.170855
60,maize,2,88.170225,26.51946
61,maize,2,88.03362,26.208988
62,maize,2,88.094395,26.353458
63,maize,2,88.114062,26.34423
64,maize,2,88.114332,26.437087
65,maize,2,88.023843,26.186697
66,maize,2,87.925588,26.113755
67,maize,2,87.825219,26.14185
68,maize,2,88.173236,26.488223
69,maize,2,88.173139,26.488101
70,maize,2,87.809331,26.134686
71,maize,2,87.81304,26.258197
72,maize,2,87.816885,26.274106
73,maize,2,87.7875,26.326661
74,maize,2,87.786441,26.352148
75,maize,2,84.591488,26.589205
76,maize,2,84.570129,26.553831
77,maize,2,84.568169,26.553517
78,maize,2,84.559923,26.57963
79,maize,2,84.570174,26.596011
80,maize,2,84.570303,26.59952
81,maize,2,84.589161,26.607441
82,maize,2,84.596124,26.609588
83,maize,2,84.605065,26.606958
84,maize,2,84.58428,26.546377
85,maize,2,85.161481,26.542901
86,maize,2,85.179012,26.551355
87,maize,2,85.091217,26.838302
88,maize,2,85.104841,26.855662
89,maize,2,86.744387,26.032748
90,maize,2,86.742852,26.038082
91,maize,2,86.738238,26.041667
92,maize,2,86.732347,26.041602
93,maize,2,86.711514,26.031477
94,maize,2,86.652035,25.962054
95,maize,2,86.62807,25.971883
96,maize,2,86.651946,25.961952
97,maize,2,86.740983,26.073694
98,maize,2,86.74076,26.075849
99,maize,2,86.739811,26.079175
100,maize,2,86.73285,26.085749
101,maize,2,86.731684,26.09023
102,maize,2,86.73724,26.102259
103,maize,2,86.738064,26.110907
104,maize,2,86.691058,25.998496
105,maize,2,84.500022,26.171322
106,maize,2,86.151246,25.4267
107,maize,2,86.15291,25.429877
108,maize,2,86.143366,25.441122
109,maize,2,86.059072,25.48551
110,maize,2,86.056304,25.489671
111,maize,2,86.037547,25.492801
112,maize,2,86.034612,25.530028
113,maize,2,86.024978,25.544751
114,maize,2,86.05047,25.630771
115,maize,2,86.054311,25.632055
116,maize,2,86.246597,25.39707
117,maize,2,86.239907,25.398567
118,maize,2,86.21611,25.413216
119,maize,2,86.221295,25.415309
120,maize,2,86.214417,25.420167
121,maize,2,86.156523,25.45964
122,maize,2,86.140538,25.477533
123,maize,2,86.134449,25.481779
124,maize,2,86.117134,25.497642
125,maize,2,86.108743,25.513313
126,maize,2,86.10294,25.520849
127,maize,2,85.246194,25.828311
128,maize,2,85.228021,25.840632
129,maize,2,85.220024,25.845892
130,maize,2,85.08888,25.944525
131,maize,2,85.130653,25.912405
132,maize,2,85.135549,25.904791
133,maize,2,85.153869,25.921697
134,maize,2,85.151497,25.92347
135,maize,2,85.120518,25.93659
136,maize,2,85.112451,25.941848
137,maize,2,85.108819,25.945362
138,maize,2,85.093035,25.931766
139,maize,2,85.109756,25.974466
140,maize,2,85.105101,25.984714
141,maize,2,85.143374,25.975888
142,maize,2,85.18661,25.993725
143,maize,2,84.552131,25.870323
144,maize,2,84.542173,25.874567
145,maize,2,84.608084,26.048265
146,maize,2,84.537792,25.994759
147,maize,2,84.901081,26.011475
148,maize,2,84.512583,25.966003
149,maize,2,84.513213,25.966215
150,maize,2,84.240682,27.014116
151,maize,2,84.242144,27.014775
152,maize,2,84.244674,27.015104
153,maize,2,84.237242,27.026809
154,maize,2,84.236411,27.034253
155,maize,2,84.222246,27.036823
156,maize,2,84.164786,27.039486
157,maize,2,84.17963,27.069204
158,maize,2,84.612115,27.063896
159,maize,2,84.596131,27.072208
160,maize,2,84.601489,27.069282
161,maize,2,84.60254,27.068008
162,maize,2,84.612254,27.06393
163,maize,2,84.60074,27.076906
164,maize,2,84.60074,27.076906
165,maize,2,84.580878,27.067971
166,maize,2,84.490471,26.74318
167,maize,2,84.486517,26.739004
168,maize,2,84.579322,26.887034
169,maize,2,84.259759,27.09703
170,maize,2,84.263026,27.095273
171,maize,2,84.264012,27.087
172,maize,2,84.179745,27.018888
173,maize,2,85.229206,26.107225
174,maize,2,85.232209,26.110174
175,maize,2,85.2374,26.052227
176,maize,2,85.240716,26.017215
177,maize,2,85.239919,26.089085
178,maize,2,85.239738,26.088461
179,maize,2,85.229162,26.107199
180,maize,2,85.232204,26.110158
181,maize,2,85.539153,26.08364
182,maize,2,85.540191,26.084866
183,maize,2,85.535852,26.079658
184,maize,2,85.533688,26.076847
185,maize,2,85.154634,26.108665
186,maize,2,85.079514,26.218441
187,maize,2,85.074987,26.223938
188,maize,2,85.062637,26.222342
189,maize,2,85.062152,26.229328
190,maize,2,85.076371,26.231214
191,maize,2,85.088315,26.244794
192,maize,2,87.527318,25.552829
193,maize,2,87.524379,25.552268
194,maize,2,87.519728,25.549705
195,maize,2,87.586849,25.605356
196,maize,2,87.603645,25.586767
197,maize,2,87.596078,25.58437
198,maize,2,87.872645,25.746845
199,maize,2,87.866948,25.747328
200,maize,2,87.864517,25.746283
201,maize,2,87.876808,25.652452
202,maize,2,87.906333,25.532525
203,maize,2,87.904986,25.531492
204,maize,2,87.909852,25.532549
205,maize,2,87.903143,25.549051
206,maize,2,87.897661,25.564826
207,maize,2,87.807583,25.697015
208,maize,2,87.760802,25.719656
209,maize,2,87.751521,25.722381
210,maize,2,87.737681,25.732971
211,maize,2,87.735633,25.734771
212,maize,2,87.612277,25.391714
213,maize,2,87.607199,25.390781
214,maize,2,87.591187,25.390987
215,maize,2,87.588382,25.391959
216,maize,2,87.579063,25.404782
217,maize,2,86.909113,26.178063
218,maize,2,86.785957,26.126189
219,maize,2,86.787842,26.125328
220,maize,2,86.789249,26.131383
221,maize,2,86.789938,26.133585
222,maize,2,86.783127,26.138189
223,maize,2,86.765606,26.152576
224,maize,2,86.763395,26.156006
225,maize,2,86.780124,26.214082
226,maize,2,86.775958,26.214186
227,maize,2,86.779598,26.214256
228,maize,2,86.90284,26.339747
229,maize,2,86.901166,26.338852
230,maize,2,86.875501,26.359532
231,maize,2,86.884713,26.296977
232,maize,2,86.95681,26.332938
233,maize,2,86.983598,26.351091
234,maize,2,86.986122,26.35351
235,maize,2,86.973564,26.388776
236,maize,2,86.892418,26.217968
237,maize,2,86.886678,26.22235
238,maize,2,86.864634,26.234754
239,maize,2,86.857885,26.235785
240,maize,2,86.876519,26.36248
241,maize,2,87.624179,26.012381
242,maize,2,87.625275,26.013853
243,maize,2,87.623145,26.023653
244,maize,2,87.62242,26.026974
245,maize,2,87.631083,26.035439
246,maize,2,87.635894,26.034103
247,maize,2,87.672037,26.068864
248,maize,2,87.684389,26.055179
249,maize,2,87.690856,26.050163
250,maize,2,87.65724,26.031664
251,maize,2,87.689409,26.011713
252,maize,2,87.760857,25.987963
253,maize,2,87.773451,26.003921
254,maize,2,87.790906,26.017924
255,maize,2,87.79903,26.00881
256,maize,2,87.793359,26.002287
257,maize,2,87.749211,25.902751
258,maize,2,87.748377,25.826145
259,maize,2,87.805439,25.892447
260,maize,2,87.788528,25.981267
261,maize,2,87.794397,25.99006
262,maize,2,87.801253,26.00018
263,maize,2,87.798557,26.105118
264,maize,2,87.112889,25.556323
265,maize,2,87.103558,25.560676
266,maize,2,87.062964,25.54387
267,maize,2,87.658859,25.724856
268,maize,2,85.516284,26.663821
269,maize,2,85.525297,26.674263
270,maize,2,85.522147,26.669243
271,maize,2,85.58751,26.623002
272,maize,2,85.629744,26.68031
273,maize,2,85.631029,26.682639
274,maize,2,85.63554,26.712973
275,maize,2,85.634782,26.713486
276,maize,2,85.635778,26.766229
277,maize,2,85.321856,26.476696
278,maize,2,85.315036,26.482982
279,maize,2,85.31251,26.487355
280,maize,2,85.272173,26.473519
281,maize,2,85.255078,26.48657
282,maize,2,85.258841,26.438914
283,maize,2,85.25817,26.440076
284,maize,2,85.261734,26.457473
285,maize,2,85.266229,26.46008
286,maize,2,85.276045,26.469136
287,maize,2,85.435136,26.501556
288,maize,2,85.444846,26.50276
289,maize,2,87.312712,26.229561
290,maize,2,87.220648,26.173316
291,maize,2,87.205614,26.181478
292,maize,2,87.202466,26.181029
293,maize,2,87.200941,26.178849
294,maize,2,87.163121,25.735735
295,maize,2,87.161079,25.734689
296,maize,2,87.156478,25.732907
297,maize,2,87.152084,25.735312
298,maize,2,87.151892,25.737537
299,maize,2,87.118464,25.79121
300,maize,2,87.117313,25.794181
301,maize,2,87.110295,25.800999
302,maize,2,87.109511,25.804408
303,maize,2,87.488977,26.073242
304,maize,2,87.478877,26.073331
305,maize,2,87.468373,26.070342
306,maize,2,87.462847,26.072912
307,maize,2,87.455443,26.070484
308,maize,2,87.447068,26.068132
309,maize,2,87.145182,26.123568
310,maize,2,87.144046,26.126206
311,maize,2,87.14186,26.127026
312,maize,2,87.140194,26.127492
313,maize,2,87.131411,26.136632
314,maize,2,87.127861,26.146003
315,maize,2,87.173146,26.212467
316,maize,2,87.169771,26.215501
317,maize,2,87.162106,26.22283
318,maize,2,87.152996,26.249396
319,maize,2,87.12996,26.310286
320,maize,2,87.127608,26.311274
321,maize,2,86.643958,25.520423
322,maize,2,86.643181,25.526113
323,maize,2,86.640974,25.528582
324,maize,2,86.637218,25.527785
325,maize,2,86.63494,25.510873
326,maize,2,86.671556,25.610602
327,maize,2,86.672704,25.618311
328,maize,2,86.673961,25.607049
329,maize,2,86.683206,25.59736
330,maize,2,86.638848,25.800239
331,maize,2,86.623336,25.827465
332,maize,2,86.702938,25.829681
333,maize,2,86.705954,25.856475
334,maize,2,86.708998,25.855835
335,maize,2,86.719623,25.854022
336,maize,2,86.722717,25.857394
337,maize,2,86.725674,25.844399
338,maize,2,86.67639,25.757562
339,maize,2,86.667832,25.755132
1,other_crop,3,85.684735,25.980573
2,other_crop,3,85.981859,26.124391
3,other_crop,3,86.232138,26.103472
4,other_crop,3,86.220835,26.107943
5,other_crop,3,86.19261,26.17904
6,other_crop,3,86.191577,26.179308
7,other_crop,3,86.185345,26.189411
8,other_crop,3,86.182336,26.188815
9,other_crop,3,86.166834,26.194023
10,other_crop,3,86.123135,26.193628
11,other_crop,3,86.122051,26.194067
12,other_crop,3,86.115835,26.19874
13,other_crop,3,86.117261,26.209139
14,other_crop,3,86.110411,26.044649
15,other_crop,3,86.109382,26.045947
16,other_crop,3,86.107188,26.047538
17,other_crop,3,86.104794,26.048434
18,other_crop,3,86.102228,26.045357
19,other_crop,3,86.099106,26.046879
20,other_crop,3,86.095977,26.045128
21,other_crop,3,86.30178,26.004066
22,other_crop,3,86.306974,26.006928
23,other_crop,3,86.198708,26.18612
24,other_crop,3,86.197605,26.18607
25,other_crop,3,86.195732,26.185886
26,other_crop,3,86.187976,26.060073
27,other_crop,3,86.140483,26.143142
28,other_crop,3,87.799873,26.305086
29,other_crop,3,87.800218,26.304972
30,other_crop,3,87.783588,26.309367
31,other_crop,3,87.769501,26.320618
32,other_crop,3,87.763132,26.334513
33,other_crop,3,87.763778,26.334564
34,other_crop,3,87.76154,26.334461
35,other_crop,3,87.767096,26.349447
36,other_crop,3,87.773779,26.35278
37,other_crop,3,87.777382,26.311598
38,other_crop,3,87.776894,26.312589
39,other_crop,3,87.779901,26.315491
40,other_crop,3,87.798294,26.329704
41,other_crop,3,87.805537,26.331614
42,other_crop,3,87.806871,26.330968
43,other_crop,3,87.814056,26.333173
44,other_crop,3,87.822008,26.339847
45,other_crop,3,87.831631,26.347648
46,other_crop,3,87.836376,26.351997
47,other_crop,3,84.775387,26.638237
48,other_crop,3,84.774255,26.639853
49,other_crop,3,84.775326,26.638216
50,other_crop,3,84.769373,26.64069
51,other_crop,3,84.768904,26.64139
52,other_crop,3,84.765951,26.644691
53,other_crop,3,84.768858,26.644445
54,other_crop,3,84.902743,26.745641
55,other_crop,3,84.899069,26.745427
56,other_crop,3,84.89644,26.745409
57,other_crop,3,84.892514,26.74847
58,other_crop,3,84.892297,26.750878
59,other_crop,3,84.891021,26.753436
60,other_crop,3,84.890626,26.755995
61,other_crop,3,84.889455,26.757947
62,other_crop,3,85.173379,26.690252
63,other_crop,3,85.16188,26.693581
64,other_crop,3,85.148729,26.688945
65,other_crop,3,85.140334,26.693626
66,other_crop,3,85.142251,26.571892
67,other_crop,3,85.218472,26.755231
68,other_crop,3,85.217823,26.755315
69,other_crop,3,85.217276,26.756119
70,other_crop,3,85.241348,26.62001
71,other_crop,3,85.240021,26.620676
72,other_crop,3,85.237611,26.621912
73,other_crop,3,85.236102,26.621592
74,other_crop,3,85.230545,26.621073
75,other_crop,3,85.227283,26.619682
76,other_crop,3,84.828714,26.753797
77,other_crop,3,84.827783,26.757355
78,other_crop,3,86.736108,25.948827
79,other_crop,3,86.732284,25.95019
80,other_crop,3,86.730888,25.950793
81,other_crop,3,86.345988,26.1768
82,other_crop,3,86.32237,26.195508
83,other_crop,3,86.322682,26.207088
84,other_crop,3,86.322466,26.206862
85,other_crop,3,86.322937,26.208533
86,other_crop,3,86.32386,26.211351
87,other_crop,3,86.324557,26.212826
88,other_crop,3,86.011524,26.591573
89,other_crop,3,86.004538,26.600845
90,other_crop,3,86.005059,26.605616
91,other_crop,3,85.969037,26.632024
92,other_crop,3,85.964631,26.622885
93,other_crop,3,85.963526,26.622784
94,other_crop,3,85.837811,26.500245
95,other_crop,3,85.860248,26.423643
96,other_crop,3,85.863755,26.367709
97,other_crop,3,85.862749,26.365601
98,other_crop,3,85.886742,26.300625
99,other_crop,3,85.253004,26.156166
100,other_crop,3,85.255645,26.155439
101,other_crop,3,85.251336,26.155289
102,other_crop,3,85.249584,26.156281
103,other_crop,3,85.245294,26.164787
104,other_crop,3,85.246559,26.166362
105,other_crop,3,85.245973,26.166254
106,other_crop,3,85.602312,26.018857
107,other_crop,3,85.603595,26.018112
108,other_crop,3,85.604157,26.017122
109,other_crop,3,85.60812,26.015061
110,other_crop,3,85.601758,26.011346
111,other_crop,3,85.599907,26.011144
112,other_crop,3,85.598973,26.008215
113,other_crop,3,85.595748,26.007134
114,other_crop,3,85.589939,26.005051
115,other_crop,3,85.585506,26.005911
116,other_crop,3,85.575053,26.004761
117,other_crop,3,85.575575,26.005867
118,other_crop,3,85.043074,26.039628
119,other_crop,3,84.990915,26.102325
120,other_crop,3,87.613408,25.590058
121,other_crop,3,87.614273,25.592327
122,other_crop,3,87.618082,25.592147
123,other_crop,3,87.619561,25.593974
124,other_crop,3,87.50395,25.536305
125,other_crop,3,87.503164,25.536258
126,other_crop,3,87.736267,25.706018
127,other_crop,3,87.720786,25.716046
128,other_crop,3,87.719272,25.717259
129,other_crop,3,87.717706,25.718449
130,other_crop,3,87.714052,25.721074
131,other_crop,3,87.711704,25.722838
132,other_crop,3,87.709827,25.723432
133,other_crop,3,87.62796,25.434246
134,other_crop,3,87.625679,25.434997
135,other_crop,3,87.617867,25.438729
136,other_crop,3,87.613132,25.452112
137,other_crop,3,87.613917,25.455634
138,other_crop,3,87.611342,25.455244
139,other_crop,3,87.596554,25.479803
140,other_crop,3,87.585435,25.496827
141,other_crop,3,87.583989,25.49633
142,other_crop,3,87.58005,25.497695
143,other_crop,3,87.576792,25.500743
144,other_crop,3,87.570611,25.506131
145,other_crop,3,87.569376,25.506066
146,other_crop,3,87.565219,25.511171
147,other_crop,3,86.946443,26.220438
148,other_crop,3,86.943077,26.21932
149,other_crop,3,86.939384,26.215074
150,other_crop,3,86.943007,26.214531
151,other_crop,3,86.948216,26.191243
152,other_crop,3,86.978056,26.169495
153,other_crop,3,86.990823,26.163227
154,other_crop,3,86.970782,26.141428
155,other_crop,3,86.925308,26.144642
156,other_crop,3,86.908366,26.138671
157,other_crop,3,86.800499,26.321627
158,other_crop,3,86.798427,26.321841
159,other_crop,3,86.794264,26.325842
160,other_crop,3,86.934302,26.447167
161,other_crop,3,86.934687,26.449102
162,other_crop,3,86.933611,26.448849
163,other_crop,3,86.972606,26.513764
164,other_crop,3,86.98493,26.518121
165,other_crop,3,87.021894,26.498056
166,other_crop,3,86.95628,26.4622
167,other_crop,3,86.777755,26.318002
168,other_crop,3,86.776518,26.330466
169,other_crop,3,85.315715,26.696604
170,other_crop,3,85.315616,26.695577
171,other_crop,3,85.317191,26.693763
172,other_crop,3,85.31804,26.699362
173,other_crop,3,85.317295,26.700336
174,other_crop,3,85.316317,26.702628
175,other_crop,3,85.316408,26.703845
176,other_crop,3,85.317328,26.704696
177,other_crop,3,85.344741,26.729706
178,other_crop,3,85.341766,26.733523
179,other_crop,3,85.340727,26.73341
180,other_crop,3,85.387106,26.768129
181,other_crop,3,85.388203,26.769134
182,other_crop,3,85.541027,26.75907
183,other_crop,3,85.530012,26.645819
184,other_crop,3,85.53236,26.638128
185,other_crop,3,85.521394,26.627712
186,other_crop,3,85.58205,26.60631
187,other_crop,3,85.521403,26.62771
188,other_crop,3,85.517991,26.627579
189,other_crop,3,85.51618,26.630865
190,other_crop,3,85.51273,26.652316
191,other_crop,3,85.514806,26.696847
192,other_crop,3,85.581593,26.832057
193,other_crop,3,85.581419,26.839614
194,other_crop,3,85.581265,26.839068
195,other_crop,3,85.602286,26.828865
196,other_crop,3,85.602754,26.833752
197,other_crop,3,85.604447,26.833909
198,other_crop,3,85.582054,26.833503
199,other_crop,3,84.291934,26.238953
200,other_crop,3,84.294024,26.242592
201,other_crop,3,84.296503,26.240255
202,other_crop,3,84.298989,26.240491
203,other_crop,3,84.300753,26.241835
204,other_crop,3,84.308303,26.24557
205,other_crop,3,84.323408,26.23733
206,other_crop,3,84.332443,26.20754
207,other_crop,3,84.333562,26.204904
208,other_crop,3,84.336009,26.203972
209,other_crop,3,84.254974,26.024489
210,other_crop,3,84.523666,26.09582
211,other_crop,3,84.524332,26.097668
212,other_crop,3,84.538424,26.106816
213,other_crop,3,84.538258,26.121569
214,other_crop,3,84.539936,26.122745
215,other_crop,3,84.553728,26.125481
216,other_crop,3,84.559753,26.13148
217,other_crop,3,84.56971,26.14273
218,other_crop,3,84.62607,26.218308
219,other_crop,3,84.624885,26.218058
220,other_crop,3,84.626052,26.218316
221,other_crop,3,84.62619,26.255654
222,other_crop,3,84.58119,26.083559
223,other_crop,3,84.579789,26.084105
224,other_crop,3,84.578443,26.084334
225,other_crop,3,84.571832,26.079579
226,other_crop,3,87.451382,26.069484
227,other_crop,3,87.445835,26.067124
228,other_crop,3,87.453184,26.068095
229,other_crop,3,87.200227,26.104927
230,other_crop,3,87.106801,26.159188
231,other_crop,3,87.103144,26.162436
232,other_crop,3,87.168026,26.218793
233,other_crop,3,87.16583,26.219962
234,other_crop,3,87.161339,26.222878
235,other_crop,3,87.158242,26.225137
236,other_crop,3,87.15279,26.235738
237,other_crop,3,87.159075,26.242896
238,other_crop,3,87.111535,26.331292
239,other_crop,3,87.115778,26.351373
240,other_crop,3,87.116186,26.352773
241,other_crop,3,87.112841,26.354365
242,other_crop,3,87.117012,26.369445
243,other_crop,3,87.116088,26.369409
244,other_crop,3,87.116507,26.377134
245,other_crop,3,87.519914,26.158121
246,other_crop,3,87.516014,26.160634
247,other_crop,3,87.514029,26.156148
248,other_crop,3,86.645693,25.52156
249,other_crop,3,86.643995,25.525546
250,other_crop,3,86.643573,25.527453
251,other_crop,3,86.632945,25.508283
252,other_crop,3,86.672886,25.613276
253,other_crop,3,86.675062,25.605112
254,other_crop,3,86.684361,25.598797
255,other_crop,3,86.640259,25.797321
256,other_crop,3,86.701653,25.82988
257,other_crop,3,86.698562,25.844204
258,other_crop,3,86.70759,25.856752
259,other_crop,3,86.67147,25.755727
260,other_crop,3,86.660656,25.756444
261,other_crop,3,86.658477,25.757072
262,other_crop,3,86.657915,25.756328
263,other_crop,3,86.658482,25.754558
264,other_crop,3,86.647588,25.753736
1,forest,4,85.647742,25.970384
2,forest,4,85.680101,25.825782
3,forest,4,86.263522,25.820314
4,forest,4,86.203751,25.738142
5,forest,4,86.211328,25.743091
6,forest,4,86.36617,25.792169
7,forest,4,85.740394,25.898137
8,forest,4,86.181838,26.055373
9,forest,4,86.181843,26.053725
10,forest,4,86.228852,26.066807
11,forest,4,86.173877,25.989626
12,forest,4,85.741147,26.321064
13,forest,4,85.883893,26.274602
14,forest,4,85.882849,26.165656
15,forest,4,85.973852,26.100672
16,forest,4,85.985975,26.096963
17,forest,4,86.084582,25.950177
18,forest,4,88.039978,26.213713
19,forest,4,88.137067,26.510237
20,forest,4,88.16592,26.489112
21,forest,4,87.778108,26.319275
22,forest,4,87.780029,26.11901
23,forest,4,84.564664,26.553434
24,forest,4,84.617217,26.564407
25,forest,4,85.160579,26.546173
26,forest,4,85.101398,26.85798
27,forest,4,86.709935,26.031965
28,forest,4,86.645333,25.965662
29,forest,4,86.732757,26.08717
30,forest,4,86.739105,26.112801
31,forest,4,86.148829,25.434302
32,forest,4,86.03142,25.497273
33,forest,4,86.160157,25.463058
34,forest,4,86.160346,25.462865
35,forest,4,86.103631,25.518507
36,forest,4,86.245668,25.542387
37,forest,4,85.231532,25.841265
38,forest,4,85.198627,25.907111
39,forest,4,85.142372,25.929418
40,forest,4,85.118439,25.966409
41,forest,4,85.107038,25.976536
42,forest,4,84.606339,25.968615
43,forest,4,84.536718,25.994005
44,forest,4,84.528037,25.988835
45,forest,4,84.573934,25.982361
46,forest,4,84.573681,25.981622
47,forest,4,84.555718,26.000586
48,forest,4,84.51559,25.963183
49,forest,4,84.742519,26.02045
50,forest,4,84.487035,26.741652
51,forest,4,84.48647,26.740901
52,forest,4,84.480825,26.743578
53,forest,4,84.449913,26.805244
54,forest,4,84.455526,26.797381
55,forest,4,84.402256,27.337648
56,forest,4,85.247804,26.083724
57,forest,4,85.086348,26.241483
58,forest,4,85.086461,26.228551
59,forest,4,85.162599,26.223306
60,forest,4,85.201854,26.166966
61,forest,4,85.209464,26.142031
62,forest,4,85.614015,26.190866
63,forest,4,87.498556,25.544826
64,forest,4,87.583659,25.608937
65,forest,4,87.581503,25.432322
66,forest,4,87.589145,25.439542
67,forest,4,87.571653,25.565585
68,forest,4,87.781448,25.522991
69,forest,4,87.774429,25.526756
70,forest,4,87.771181,25.5303
71,forest,4,86.870974,26.365622
72,forest,4,86.91982,26.432216
73,forest,4,86.601562,26.124785
74,forest,4,86.606242,26.131913
75,forest,4,86.621084,26.148357
76,forest,4,86.527929,25.821039
77,forest,4,87.657951,25.982759
78,forest,4,87.641165,25.741842
79,forest,4,87.747939,25.83942
80,forest,4,87.753703,25.873633
81,forest,4,87.764237,25.883624
82,forest,4,84.343106,26.224538
83,forest,4,84.339361,26.187033
84,forest,4,84.304936,26.318243
85,forest,4,84.67644,26.114837
86,forest,4,85.624715,26.7123
87,forest,4,85.574074,26.691281
88,forest,4,85.57374,26.70015
89,forest,4,85.725525,26.460329
90,forest,4,85.738886,26.486402
91,forest,4,85.320289,26.480017
92,forest,4,85.252507,26.485419
93,forest,4,85.260608,26.454069
94,forest,4,85.435622,26.496183
95,forest,4,85.417685,26.398721
96,forest,4,87.129083,26.141472
97,forest,4,87.127351,26.146247
98,forest,4,87.109045,26.155854
99,forest,4,87.106063,26.157603
100,forest,4,87.173921,26.195133
101,forest,4,87.157267,26.227851
102,forest,4,87.110962,26.33331
103,forest,4,87.108713,26.334026
104,forest,4,87.484427,26.353391
105,forest,4,86.634374,25.507698
106,forest,4,86.67084,25.755113
107,forest,4,86.665926,25.754777
108,forest,4,86.653519,25.753966
109,forest,4,86.592044,25.773077
1,urban,5,86.207226,25.73999
2,urban,5,86.208679,25.740121
3,urban,5,86.239574,25.725785
4,urban,5,86.236725,25.767602
5,urban,5,86.322625,25.801059
6,urban,5,86.34949,25.82854
7,urban,5,85.884656,26.150744
8,urban,5,85.886119,26.160409
9,urban,5,85.885164,26.161028
10,urban,5,85.980719,26.09857
11,urban,5,86.061594,26.00579
12,urban,5,86.070884,25.99911
13,urban,5,86.090556,25.97245
14,urban,5,26.137236,26.137236
15,urban,5,87.803459,26.263939
16,urban,5,87.778104,26.321789
17,urban,5,87.795889,26.340278
18,urban,5,87.78175,26.119614
19,urban,5,87.780488,26.119512
20,urban,5,85.044534,26.621789
21,urban,5,85.046185,26.619808
22,urban,5,84.897024,26.672895
23,urban,5,84.895344,26.673121
24,urban,5,84.60215,26.591359
25,urban,5,84.577545,26.591849
26,urban,5,85.154906,26.756026
27,urban,5,86.794413,25.923894
28,urban,5,86.78929,25.907662
29,urban,5,86.691438,25.988145
30,urban,5,86.666071,25.980978
31,urban,5,86.652812,25.956843
32,urban,5,86.804292,25.887705
33,urban,5,86.130307,25.418706
34,urban,5,86.117944,25.422431
35,urban,5,86.129811,25.514501
36,urban,5,86.063985,25.553948
37,urban,5,86.113863,25.687934
38,urban,5,86.249866,25.545793
39,urban,5,86.023294,25.485881
40,urban,5,86.001472,25.479095
41,urban,5,85.358174,25.800248
42,urban,5,25.967499,25.967499
43,urban,5,85.153907,25.981656
44,urban,5,85.198211,26.0012
45,urban,5,85.197316,25.913885
46,urban,5,85.483801,25.651432
47,urban,5,84.80889,25.934967
48,urban,5,84.799265,25.954769
49,urban,5,84.571324,26.03488
50,urban,5,84.564007,25.998646
51,urban,5,84.809689,25.990329
52,urban,5,84.886481,25.891492
53,urban,5,84.630137,25.850239
54,urban,5,84.481247,26.742435
55,urban,5,84.457269,26.793826
56,urban,5,84.455534,26.796839
57,urban,5,84.306871,27.123192
58,urban,5,85.078031,26.287154
59,urban,5,85.081686,26.276931
60,urban,5,85.08482,26.243074
61,urban,5,85.086305,26.243543
62,urban,5,85.208998,26.14146
63,urban,5,85.615377,26.194785
64,urban,5,87.587286,25.41351
65,urban,5,87.589018,25.438901
66,urban,5,87.557233,25.538549
67,urban,5,87.558363,25.559533
68,urban,5,87.77721,25.523822
69,urban,5,86.871225,26.36515
70,urban,5,86.924367,26.442645
71,urban,5,86.932717,26.469726
72,urban,5,86.933793,26.470517
73,urban,5,86.599833,26.121338
74,urban,5,86.603882,26.127381
75,urban,5,87.614232,25.760742
76,urban,5,87.531953,25.791062
77,urban,5,87.658159,25.982499
78,urban,5,87.633832,26.037616
79,urban,5,87.537862,25.895187
80,urban,5,87.485499,25.778832
81,urban,5,87.633352,25.740073
82,urban,5,87.661487,25.755399
83,urban,5,87.762858,25.884182
84,urban,5,84.356514,26.22044
85,urban,5,84.35056,26.222264
86,urban,5,84.33257,26.230939
87,urban,5,84.150986,26.234182
88,urban,5,84.315623,26.23864
89,urban,5,85.608128,26.699673
90,urban,5,85.705788,26.561042
91,urban,5,85.701789,26.472064
92,urban,5,85.738693,26.481002
93,urban,5,85.529009,26.461381
94,urban,5,85.262255,26.479227
95,urban,5,85.221191,26.436688
96,urban,5,85.281074,26.466733
97,urban,5,85.380248,26.466425
98,urban,5,85.420973,26.408365
99,urban,5,87.127185,26.145181
100,urban,5,87.108747,26.156175
101,urban,5,87.176043,26.197741
102,urban,5,87.176081,26.203512
103,urban,5,87.156384,26.230472
104,urban,5,87.156804,26.245691
105,urban,5,87.485686,26.352148
106,urban,5,86.663518,25.755758
107,urban,5,86.62864,25.763282
108,urban,5,86.602015,25.768359
109,urban,5,86.61277,25.874366
1,waterbody,6,86.209992,25.740478
2,waterbody,6,86.210719,25.743642
3,waterbody,6,86.233972,25.762202
4,waterbody,6,86.324547,25.801698
5,waterbody,6,86.352629,25.82645
6,waterbody,6,86.165853,26.187162
7,waterbody,6,86.164638,26.187327
8,waterbody,6,85.884179,26.15108
9,waterbody,6,85.884181,26.161215
10,waterbody,6,85.950162,26.26367
11,waterbody,6,85.976987,26.274556
12,waterbody,6,85.98197,26.099153
13,waterbody,6,86.058023,26.005902
14,waterbody,6,86.089856,25.97328
15,waterbody,6,87.811159,26.135321
16,waterbody,6,87.794627,26.114726
17,waterbody,6,87.77814,26.318871
18,waterbody,6,87.785495,26.325333
19,waterbody,6,87.831888,26.17659
20,waterbody,6,85.041486,26.631617
21,waterbody,6,84.917438,26.653737
22,waterbody,6,85.090629,26.753958
23,waterbody,6,84.607745,26.590829
24,waterbody,6,84.722182,26.531436
25,waterbody,6,85.129329,26.852024
26,waterbody,6,86.803751,25.926085
27,waterbody,6,86.69176,25.975944
28,waterbody,6,86.669335,26.008047
29,waterbody,6,86.641765,26.00738
30,waterbody,6,86.865705,25.937139
31,waterbody,6,86.968351,26.057131
32,waterbody,6,86.932565,26.071571
33,waterbody,6,25.415054,25.415054
34,waterbody,6,86.132066,25.519163
35,waterbody,6,86.120919,25.52514
36,waterbody,6,86.109881,25.534923
37,waterbody,6,86.047749,25.591143
38,waterbody,6,86.255319,25.544129
39,waterbody,6,86.25288,25.537306
40,waterbody,6,85.378743,25.814504
41,waterbody,6,85.356069,25.797588
42,waterbody,6,85.337495,25.824983
43,waterbody,6,85.074371,25.955184
44,waterbody,6,85.170916,25.984778
45,waterbody,6,85.185406,25.997743
46,waterbody,6,85.198509,25.913194
47,waterbody,6,85.250777,25.611593
48,waterbody,6,84.806636,25.934853
49,waterbody,6,84.474208,25.906549
50,waterbody,6,84.572228,26.01243
51,waterbody,6,84.565008,25.996985
52,waterbody,6,84.774833,26.008659
53,waterbody,6,84.880556,25.89631
54,waterbody,6,84.516206,26.0129
55,waterbody,6,84.520669,25.968997
56,waterbody,6,84.484942,26.739154
57,waterbody,6,84.479499,26.748274
58,waterbody,6,84.447048,26.802248
59,waterbody,6,84.65036,26.718955
60,waterbody,6,84.51013,26.991572
61,waterbody,6,84.208062,27.055793
62,waterbody,6,85.233571,26.10307
63,waterbody,6,85.215355,26.111516
64,waterbody,6,85.07571,26.233122
65,waterbody,6,85.078275,26.289635
66,waterbody,6,85.197852,26.152583
67,waterbody,6,85.620191,26.195791
68,waterbody,6,87.498764,25.545833
69,waterbody,6,87.882064,25.650596
70,waterbody,6,87.900814,25.563415
71,waterbody,6,87.561931,25.532327
72,waterbody,6,87.560274,25.557112
73,waterbody,6,87.811035,25.590494
74,waterbody,6,87.823816,25.614241
75,waterbody,6,87.788258,25.523399
76,waterbody,6,87.765459,25.528525
77,waterbody,6,86.915725,26.426356
78,waterbody,6,86.898187,26.454463
79,waterbody,6,86.926353,26.480648
80,waterbody,6,86.683516,25.618942
81,waterbody,6,86.559818,25.739873
82,waterbody,6,87.659084,25.722174
83,waterbody,6,87.635573,25.761606
84,waterbody,6,87.508523,25.793961
85,waterbody,6,87.487864,25.818674
86,waterbody,6,87.662739,25.959878
87,waterbody,6,87.643252,25.686838
88,waterbody,6,84.335331,26.232205
89,waterbody,6,84.338496,26.188443
90,waterbody,6,84.309752,26.324065
91,waterbody,6,84.311009,26.227787
92,waterbody,6,84.197242,26.012701
93,waterbody,6,85.606839,26.698436
94,waterbody,6,85.70256,26.566711
95,waterbody,6,85.699177,26.473295
96,waterbody,6,85.741094,26.47631
97,waterbody,6,85.731262,26.488442
98,waterbody,6,85.526805,26.463786
99,waterbody,6,85.313517,26.489454
100,waterbody,6,85.377169,26.471759
101,waterbody,6,85.394829,26.442359
102,waterbody,6,85.416799,26.401198
103,waterbody,6,87.131102,26.137615
104,waterbody,6,87.131759,26.137597
105,waterbody,6,87.1256,26.146347
106,waterbody,6,87.155937,26.245087
107,waterbody,6,87.149372,26.251552
108,waterbody,6,87.122038,26.322162
109,waterbody,6,87.481687,26.350686
110,waterbody,6,86.634424,25.510953
111,waterbody,6,86.68355,25.757141
112,waterbody,6,86.59447,25.772227
113,waterbody,6,86.44134,25.941906
114,waterbody,6,86.429878,25.926921
115,waterbody,6,86.4023,25.919065
116,waterbody,6,86.43767,25.872503
